availability,category,price,stars,title
True,poetry,51.77,3,a light in the attic
True,poetry,52.15,3,the black maria
True,poetry,22.6,3,the boys in the boat: nine americans and their epic quest for gold at the 1936 berlin olympics
True,poetry,17.93,3,"the coming woman: a novel based on the life of the infamous feminist, victoria woodhull"
True,poetry,33.34,3,the dirty little secrets of getting your dream job
True,poetry,22.65,3,the requiem red
True,poetry,54.23,3,sapiens: a brief history of humankind
True,poetry,47.82,3,sharp objects
True,poetry,50.1,3,soumission
True,poetry,53.74,3,tipping the velvet
True,poetry,23.88,3,olio
True,poetry,57.25,3,"our band could be your life: scenes from the american indie underground, 1981-1991"
True,poetry,35.02,3,rip it up and start again
True,poetry,52.29,3,scott pilgrim's precious little life (scott pilgrim #1)
True,poetry,17.46,3,set me free
True,poetry,20.66,3,shakespeare's sonnets
True,poetry,45.17,3,it's only the himalayas
True,poetry,51.33,3,libertarianism for beginners
True,poetry,37.59,3,mesaerion: the best science fiction stories 1800-1849
True,poetry,13.99,3,"starving hearts (triangular trade trilogy, #1)"
True,thriller,54.64,1,birdsong: a story in pictures
True,thriller,34.53,1,black dust
True,thriller,25.27,1,chase me (paris nights #2)
True,thriller,30.52,1,"foolproof preserving: a guide to small batch jams, jellies, pickles, condiments, and more: a foolproof guide to making small batch jams, jellies, pickles, condiments, and more"
True,thriller,37.32,1,how music works
True,thriller,12.84,1,in her wake
True,thriller,15.94,1,sophie's world
True,thriller,36.89,1,the bear and the piano
True,thriller,23.82,1,the elephant tree
True,thriller,31.05,1,the five love languages: how to express heartfelt commitment to your mate
True,thriller,17.66,1,the four agreements: a practical guide to personal freedom
True,thriller,44.18,1,wall and piece
True,thriller,33.63,1,you can't bury them all: poems
True,thriller,52.22,1,behind closed doors
True,thriller,19.63,1,"in a dark, dark wood"
True,thriller,18.02,1,maude (1883-1993):she grew up with the country
True,thriller,33.29,1,penny maybe
True,thriller,40.3,1,worlds elsewhere: journeys around shakespeare’s globe
True,thriller,53.13,1,aladdin and his wonderful lamp
True,thriller,22.5,1,america's cradle of quarterbacks: western pennsylvania's football factory from johnny unitas to joe montana
True,poetry,47.61,3,private paris (private #10)
True,poetry,26.41,3,reasons to stay alive
True,poetry,57.31,3,slow states of collapse: poems
True,poetry,19.09,3,the torch is passed: a harding family story
True,poetry,17.27,3,thirst
True,poetry,19.49,3,this one summer
True,poetry,31.12,3,throwing rocks at the google bus: how growth became the enemy of prosperity
True,poetry,16.28,3,tsubasa: world chronicle 2 (tsubasa world chronicle #2)
True,poetry,45.22,3,the natural history of us (the fine art of pretending #2)
True,poetry,56.5,3,the past never ends
True,poetry,56.41,3,"the pioneer woman cooks: dinnertime: comfort classics, freezer food, 16-minute meals, and other delicious ways to solve supper!"
True,poetry,56.13,3,the secret of dreadwillow carse
True,poetry,25.52,3,"unbound: how eight technologies made us human, transformed society, and brought our world to the brink"
True,poetry,18.78,3,unicorn tracks
True,poetry,44.18,3,"unseen city: the majesty of pigeons, the discreet charm of snails & other wonders of the urban wilderness"
True,poetry,14.27,3,untitled collection: sabbath poems 2014
True,poetry,50.27,3,"we love you, charlie freeman"
True,poetry,31.77,3,when we collided
True,poetry,45.07,3,without borders (wanderlove #1)
True,poetry,23.11,3,#higherselfie: wake up your life. free your soul. find your tribe.
True,sequential art,23.89,4,"the mindfulness and acceptance workbook for anxiety: a guide to breaking free from anxiety, phobias, and worry using acceptance and commitment therapy"
True,sequential art,42.96,4,the most perfect thing: inside (and outside) a bird's egg
True,sequential art,54.11,4,the murder that never was (forensic instincts #5)
True,sequential art,38.16,4,the nameless city (the nameless city #1)
True,sequential art,50.4,4,"rat queens, vol. 3: demons (rat queens (collected editions) #11-15)"
True,sequential art,19.83,4,reskilling america: learning to labor in the twenty-first century
True,sequential art,51.04,4,"saga, volume 5 (saga (collected editions) #5)"
True,sequential art,25.02,4,"saga, volume 6 (saga (collected editions) #6)"
True,sequential art,39.25,4,security
True,sequential art,39.58,4,soul reader
True,sequential art,41.83,4,spark joy: an illustrated master class on the art of organizing and tidying up
True,sequential art,32.24,4,the activist's tao te ching: ancient advice for a modern revolution
True,sequential art,19.73,4,the age of genius: the seventeenth century and the birth of the modern mind
True,sequential art,40.76,4,the art forger
True,sequential art,49.05,4,"the bulletproof diet: lose up to a pound a day, reclaim energy and focus, upgrade your life"
True,sequential art,58.11,4,the death of humanity: and the case for life
True,sequential art,56.06,4,the electric pencil: drawings from inside state hospital no. 3
True,sequential art,37.13,4,the gutsy girl: escapades for your life of epic adventure
True,sequential art,20.59,4,"the inefficiency assassin: time management tactics for working smarter, not longer"
True,sequential art,16.77,4,the life-changing magic of tidying up: the japanese art of decluttering and organizing
True,sequential art,22.0,5,in the country we love: my family divided
True,sequential art,35.67,5,join
True,sequential art,53.9,5,judo: seven steps to black belt (an introductory guide for beginners)
True,sequential art,40.11,5,"layered: baking, building, and styling spectacular cakes"
True,sequential art,19.92,5,lumberjanes vol. 3: a terrible plan (lumberjanes #9-12)
True,sequential art,45.61,5,"lumberjanes, vol. 1: beware the kitten holy (lumberjanes #1-4)"
True,sequential art,46.91,5,"lumberjanes, vol. 2: friendship to the max (lumberjanes #5-8)"
True,sequential art,14.02,5,"mama tried: traditional italian cooking for the screwed, crude, vegan, and tattooed"
True,sequential art,56.4,5,masks and shadows
True,sequential art,33.37,5,my paris kitchen: recipes and stories
True,sequential art,14.86,5,obsidian (lux #1)
True,sequential art,14.07,5,on a midnight clear
True,sequential art,46.35,5,online marketing for busy authors: a step-by-step guide
True,sequential art,48.41,5,orange: the complete collection 1 (orange: the complete collection #1)
True,sequential art,15.44,5,"outcast, vol. 1: a darkness surrounds him (outcast #1)"
True,sequential art,10.16,5,patience
True,science,28.09,5,"avatar: the last airbender: smoke and shadow, part 3 (smoke and shadow #3)"
True,science,37.92,5,"bitch planet, vol. 1: extraordinary machine (bitch planet (collected editions))"
True,science,49.46,5,bossypants
True,science,28.81,5,burning
True,science,29.14,5,call the nurse: true stories of a country nurse on a scottish isle
True,science,17.08,5,camp midnight
True,science,36.72,5,"codename baboushka, volume 1: the conclave of death"
True,science,43.29,5,crown of midnight (throne of glass #2)
True,science,51.99,5,danganronpa volume 1
True,science,37.97,5,"don't be a jerk: and other practical advice from dogen, japan's greatest zen master"
True,science,54.35,5,everydata: the misinformation hidden in the little data you consume every day
True,science,21.96,5,fifty shades darker (fifty shades #2)
True,science,15.97,5,first and first (five boroughs #3)
True,science,29.69,5,forever and forever: the courtship of henry longfellow and fanny appleton
True,science,22.11,5,"giant days, vol. 2 (giant days #5-8)"
True,science,33.97,5,her backup boyfriend (the sorensen family #1)
True,nonfiction,17.44,1,the stranger
True,nonfiction,12.61,1,the third wave: an entrepreneur’s vision of the future
True,nonfiction,42.15,1,the vacationers
True,nonfiction,24.12,1,the wedding dress
True,nonfiction,58.08,1,the white cat and the monk: a retelling of the poem “pangur bán”
True,nonfiction,52.72,1,thirteen reasons why
True,nonfiction,59.64,1,thomas jefferson and the tripoli pirates: the forgotten war that changed american history
True,nonfiction,35.07,1,throne of glass (throne of glass #1)
True,nonfiction,41.6,1,tracing numbers on a train
True,nonfiction,21.04,1,tuesday nights in 1980
True,nonfiction,43.3,1,"william shakespeare's star wars: verily, a new hope (william shakespeare's star wars #4)"
True,nonfiction,21.87,1,you are what you love: the spiritual power of habit
True,nonfiction,54.0,1,(un)qualified: how god uses broken people to do big things
True,nonfiction,52.37,1,a court of thorns and roses (a court of thorns and roses #1)
True,nonfiction,28.13,1,a fierce and subtle poison
True,nonfiction,55.53,1,a flight of arrows (the pathfinders #2)
True,sequential art,41.25,1,the cookies & cups cookbook: 125+ sweet & savory recipes reminding you to always eat dessert first
True,sequential art,23.15,1,the emerald mystery
True,sequential art,17.24,1,the genius of birds
True,sequential art,55.02,1,the girl on the train
True,sequential art,44.28,1,the glittering court (the glittering court #1)
True,sequential art,36.95,1,the house by the lake
True,sequential art,41.82,1,the kite runner
True,sequential art,10.97,1,the long shadow of small ghosts: murder and memory in an american city
True,sequential art,37.6,1,the love and lemons cookbook: an apple-to-zucchini celebration of impromptu cooking
True,sequential art,55.85,1,the matchmaker's playbook (wingmen inc. #1)
True,sequential art,43.29,1,the mistake (off-campus #2)
True,sequential art,44.1,1,the murder of roger ackroyd (hercule poirot #4)
True,sequential art,37.34,1,the nerdy nummies cookbook: sweet treats for the geek in all of us
True,sequential art,38.21,1,the omnivore's dilemma: a natural history of four meals
True,sequential art,43.54,1,the power of now: a guide to spiritual enlightenment
True,sequential art,10.65,1,the project
True,default,30.25,3,mrs. houdini
True,default,41.05,3,night sky with exit wounds
True,default,38.28,3,"nightingale, sing"
True,default,14.19,3,poems that make grown women cry
True,default,41.06,3,poses for artists volume 1 - dynamic and sitting poses: an essential reference for figure drawing and the human form
True,default,20.47,3,redeeming love
True,default,36.94,3,romero and juliet: a tragic tale of love and zombies
True,default,43.55,3,scarlett epstein hates it here
True,default,20.27,3,secrets and lace (fatal hearts #1)
True,default,29.06,3,"shobu samurai, project aryoku (#3)"
True,default,23.99,3,shoe dog: a memoir by the creator of nike
True,default,12.23,3,so you've been publicly shamed
True,default,26.12,3,soft apocalypse
True,default,16.24,3,something more than this
True,default,55.99,3,suddenly in love (lake haven #1)
True,default,27.55,3,the 10% entrepreneur: live your startup dream without quitting your day job
True,add a comment,42.16,5,"deliciously ella every day: quick and easy recipes for gluten-free snacks, packed lunches, and simple meals"
True,add a comment,35.61,5,doing it over (most likely to #1)
True,add a comment,37.72,5,done rubbed out (reightman & bailey #1)
True,add a comment,34.95,5,drive: the surprising truth about what motivates us
True,add a comment,54.59,5,eureka trivia 6.0
True,add a comment,41.62,5,"fables, vol. 1: legends in exile (fables #1)"
True,add a comment,53.53,5,finders keepers (bill hodges trilogy #2)
True,add a comment,29.0,5,first steps for new christians (print edition)
True,add a comment,21.36,5,follow you home
True,add a comment,29.99,5,frostbite (vampire academy #2)
True,add a comment,49.43,5,full moon over noah’s ark: an odyssey to mount ararat and beyond
True,add a comment,22.16,5,grumbles
True,add a comment,42.98,5,hollow city (miss peregrine’s peculiar children #2)
True,add a comment,57.36,5,i had a nice time and other lies...: how to find love & sh*t like that
True,add a comment,19.15,5,large print heart of the pride
True,add a comment,48.56,5,library of souls (miss peregrine’s peculiar children #3)
True,erotica,52.65,5,why the right went wrong: conservatism--from goldwater to the tea party and beyond
True,erotica,14.36,5,wild swans
True,erotica,37.34,5,"wonder woman: earth one, volume one (wonder woman: earth one #1)"
True,erotica,43.61,5,you (you #1)
True,erotica,24.7,5,zealot: the life and times of jesus of nazareth
True,erotica,12.51,5,agnostic: a spirited manifesto
True,erotica,50.54,5,amatus
True,erotica,36.58,5,amid the chaos
True,erotica,18.46,5,amy meets the saints and sages
True,erotica,46.82,5,anonymous
True,erotica,15.48,5,ayumi's violin
True,erotica,15.38,5,batman: the dark knight returns (batman)
True,erotica,36.5,5,batman: the long halloween (batman)
True,erotica,11.11,5,beauty restored (riley family legacy novellas #3)
True,erotica,27.43,5,becoming wise: an inquiry into the mystery and art of living
True,erotica,30.8,5,big magic: creative living beyond fear
True,nonfiction,54.04,4,the rosie project (don tillman #1)
True,nonfiction,37.4,4,the song of achilles
True,nonfiction,44.48,4,the songs of the gods
True,nonfiction,46.02,4,the star-touched queen
True,nonfiction,52.67,4,the testament of mary
True,nonfiction,27.88,4,the time keeper
True,nonfiction,32.61,4,the wedding pact (the o'malleys #2)
True,nonfiction,25.91,4,the white queen (the cousins' war #1)
True,nonfiction,56.8,4,the wright brothers
True,nonfiction,43.04,4,the year of magical thinking
True,nonfiction,27.12,4,this is where it ends
True,nonfiction,25.38,4,through the woods
True,nonfiction,22.08,4,twenty yawns
True,nonfiction,45.95,4,"unbroken: a world war ii story of survival, resilience, and redemption"
True,nonfiction,46.31,4,until friday night (the field party #1)
True,nonfiction,37.1,4,v for vendetta (v for vendetta complete)
True,default,45.21,3,take me with you
True,default,10.69,3,tastes like fear (di marnie rome #3)
True,default,13.92,3,that darkness (gardiner and renner #1)
True,default,39.24,3,the 14th colony (cotton malone #11)
True,default,15.77,3,the bad-ass librarians of timbuktu: and their race to save the world’s most precious manuscripts
True,default,44.73,3,the bane chronicles (the bane chronicles #1-11)
True,default,35.35,3,the darkest lie
True,default,48.78,3,the dovekeepers
True,default,25.85,3,the first hostage (j.b. collins #2)
True,default,13.82,3,the guilty (will robie #4)
True,default,28.77,3,the help yourself cookbook for kids: 60 easy plant-based recipes kids can make to stay healthy and save the earth
True,default,52.26,3,the hidden oracle (the trials of apollo #1)
True,default,40.67,3,the immortal life of henrietta lacks
True,default,54.21,3,the last mile (amos decker #2)
True,default,17.43,3,the literature book (big ideas simply explained)
True,default,23.4,3,the loney
True,nonfiction,38.39,1,"naruto (3-in-1 edition), vol. 14: includes vols. 40, 41 & 42 (naruto: omnibus #14)"
True,nonfiction,21.95,1,no dream is too high: life lessons from a man who walked on the moon
True,nonfiction,11.83,1,old school (diary of a wimpy kid #10)
True,nonfiction,18.28,1,once was a time
True,nonfiction,52.15,1,"overload: how to unplug, unwind, and unleash yourself from the pressure of stress"
True,nonfiction,10.56,1,pet sematary
True,nonfiction,50.89,1,"quarter life poetry: poems for the young, broke and hangry"
True,nonfiction,23.57,1,rain fish
True,nonfiction,25.48,1,"red hood/arsenal, vol. 1: open for business (red hood/arsenal #1)"
True,nonfiction,47.82,1,robin war
True,nonfiction,46.78,1,salt.
True,nonfiction,48.87,1,see america: a celebration of our national parks & treasured sites
True,nonfiction,55.84,1,shtum
True,nonfiction,35.43,1,"so cute it hurts!!, vol. 6 (so cute it hurts!! #6)"
True,nonfiction,52.79,1,someone like you (the harrisons #2)
True,nonfiction,44.74,1,sorting the beef from the bull: the science of food fraud forensics
True,fiction,47.02,1,"hush, hush (hush, hush #1)"
True,fiction,14.75,1,"hyperbole and a half: unfortunate situations, flawed coping mechanisms, mayhem, and other things that happened"
True,fiction,10.6,1,i am pilgrim (pilgrim #1)
True,fiction,25.98,1,i know what i'm doing -- and other lies i tell myself: dispatches from a life under construction
True,fiction,29.65,1,island of dragons (unwanteds #7)
True,fiction,19.55,1,"it's all easy: healthy, delicious weeknight meals in under 30 minutes"
True,fiction,16.28,1,lady midnight (the dark artifices #1)
True,fiction,26.79,1,let it out: a journey through journaling
True,fiction,46.91,1,"living leadership by insight: a good leader achieves, a great leader builds monuments"
True,fiction,29.14,1,looking for lovely: collecting the moments that matter
True,fiction,18.03,1,love is a mix tape (music #1)
True,fiction,51.51,1,lowriders to the center of the earth (lowriders in space #2)
True,fiction,49.83,1,luckiest girl alive
True,fiction,53.95,1,luis paints the world
True,fiction,38.85,1,made to stick: why some ideas survive and others die
True,fiction,37.61,1,more than music (chasing the dream #1)
True,romance,25.01,1,cometh the hour (the clifton chronicles #6)
True,romance,47.72,1,crazy love: overwhelmed by a relentless god
True,romance,36.58,1,daily fantasy sports
True,romance,11.21,1,dear mr. knightley
True,romance,37.51,1,demigods & magicians: percy and annabeth meet the kanes (percy jackson & kane chronicles crossover #1-3)
True,romance,40.12,1,doctor sleep (the shining #2)
True,romance,55.35,1,don't get caught
True,romance,54.07,1,"eat fat, get thin"
True,romance,51.75,1,"eaternity: more than 150 deliciously easy vegan recipes for a long, healthy, satisfied, joyful life"
True,romance,14.39,1,eight hundred grapes
True,romance,57.62,1,el deafo
True,romance,27.09,1,eligible (the austen project #4)
True,romance,46.47,1,every last word
True,romance,15.06,1,"far & away: places on the brink of change: seven continents, twenty-five years"
True,romance,49.05,1,feathers: displays of brilliant plumage
True,romance,45.84,1,glory over everything: beyond the kitchen house
True,add a comment,51.48,4,angels & demons (robert langdon #1)
True,add a comment,34.2,4,angels walking (angels walking #1)
True,add a comment,58.14,4,aristotle and dante discover the secrets of the universe (aristotle and dante discover the secrets of the universe #1)
True,add a comment,48.8,4,art ops vol. 1
True,add a comment,17.03,4,balloon animals
True,add a comment,50.62,4,barefoot contessa at home: everyday recipes you'll make over and over again
True,add a comment,28.01,4,barefoot contessa back to basics
True,add a comment,32.01,4,batman: europa
True,add a comment,49.32,4,brain on fire: my month of madness
True,add a comment,37.8,4,buying in: the secret dialogue between what we buy and who we are
True,add a comment,46.23,4,carrie
True,add a comment,31.85,4,"carry on, warrior: thoughts on life unarmed"
True,add a comment,50.83,4,catching jordan (hundred oaks)
True,add a comment,20.29,4,cell
True,add a comment,47.27,4,city of ashes (the mortal instruments #2)
True,add a comment,43.28,4,city of bones (the mortal instruments #1)
True,historical,46.29,5,the silent sister (riley macpherson #1)
True,historical,32.3,5,the star-touched queen
True,historical,37.55,5,tipping point for planet earth: how close are we to the edge?
True,historical,13.86,5,will you won't you want me?
True,historical,27.06,5,13 hours: the inside account of what really happened in benghazi
True,historical,11.53,5,my kitchen year: 136 recipes that saved my life
True,historical,37.86,5,rook
True,historical,38.73,5,searching for meaning in gailana
True,historical,13.33,5,"the three searches, meaning, and the story"
True,historical,21.8,5,1491: new revelations of the americas before columbus
True,historical,55.51,5,a brush of wings (angels walking #3)
True,historical,14.58,5,a distant mirror: the calamitous 14th century
True,historical,39.72,5,a man called ove
True,historical,40.79,5,a people's history of the united states
True,historical,56.48,5,"a series of catastrophes and miracles: a true story of love, science, and cancer"
True,historical,16.73,5,a study in scarlet (sherlock holmes #1)
True,add a comment,58.32,1,how to speak golf: an illustrated guide to links lingo
True,add a comment,20.55,1,"love, lies and spies"
True,add a comment,35.28,1,most wanted
True,add a comment,54.36,1,murder at the 42nd street library (raymond ambler #1)
True,add a comment,54.65,1,no love allowed (dodge cove #1)
True,add a comment,15.71,1,one with you (crossfire #5)
True,add a comment,26.8,1,poisonous (max revere novels #3)
True,add a comment,36.97,1,psycho: sanitarium (psycho #1.5)
True,add a comment,43.14,1,quench your own thirst: business lessons learned over a beer or two
True,add a comment,49.67,1,raspberry pi electronics projects for the evil genius
True,add a comment,21.21,1,snatched: how a drug queen went undercover for the dea and was kidnapped by colombian guerillas
True,add a comment,48.05,1,stars above (the lunar chronicles #4.5)
True,add a comment,11.88,1,the children
True,add a comment,59.9,1,the diary of a young girl
True,add a comment,56.54,1,the dinner party
True,add a comment,14.44,1,the epidemic (the program 0.6)
True,mystery,47.67,1,off the hook (fishing for trouble #1)
True,mystery,13.71,1,playing with fire
True,mystery,21.15,1,"setting the world on fire: the brief, astonishing life of st. catherine of siena"
True,mystery,48.74,1,sleeping giants (themis files #1)
True,mystery,53.98,1,take me home tonight (rock star romance #3)
True,mystery,21.0,1,the art of startup fundraising
True,mystery,59.45,1,the improbability of love
True,mystery,11.68,1,"the sleep revolution: transforming your life, one night at a time"
True,mystery,27.26,1,the widow
True,mystery,48.39,1,troublemaker: surviving hollywood and scientology
True,mystery,38.77,1,"a la mode: 120 recipes in 60 pairings: pies, tarts, cakes, crisps, and more topped with ice cream, gelato, frozen custard, and more"
True,mystery,39.01,1,a paris apartment
True,mystery,59.48,1,boar island (anna pigeon #19)
True,mystery,48.64,1,can you keep a secret? (fear street relaunch #4)
True,mystery,40.83,1,dirty (dive bar #1)
True,mystery,56.51,1,eleanor & park
True,fiction,49.71,2,10-day green smoothie cleanse: lose up to 15 pounds in 10 days!
True,fiction,24.57,2,"10% happier: how i tamed the voice in my head, reduced stress without losing my edge, and found self-help that actually works"
True,fiction,48.48,2,11/22/63
True,fiction,14.75,2,a gentleman's position (society of gentlemen #3)
True,fiction,19.53,2,a mother's reckoning: living in the aftermath of tragedy
True,fiction,20.88,2,adultery
True,fiction,21.36,2,arena
True,fiction,21.59,2,born for this: how to find the work you were meant to do
True,fiction,20.5,2,cravings: recipes for what you want to eat
True,fiction,16.34,2,daredevils
True,fiction,51.34,2,"exit, pursued by a bear"
True,fiction,48.49,2,grey (fifty shades #4)
True,fiction,56.27,2,it didn't start with you: how inherited family trauma shapes who we are and how to end the cycle
True,fiction,20.46,2,keep me posted
True,fiction,40.85,2,lab girl
True,fiction,45.14,2,lies and other acts of love
True,add a comment,33.23,5,don't forget steven
True,add a comment,43.68,5,dress your family in corduroy and denim
True,add a comment,33.95,5,"fruits basket, vol. 9 (fruits basket #9)"
True,add a comment,20.91,5,if i gave you god's phone number....: searching for spirituality in america
True,add a comment,47.44,5,modern day fables
True,add a comment,10.41,5,"nano what now? finding your editing process, revising your nanowrimo book and building a writing career through publishing and beyond"
True,add a comment,25.08,5,nap-a-roo
True,add a comment,54.81,5,suzie snowflake: one beautiful flake (a self-esteem story)
True,add a comment,54.4,5,the alien club
True,add a comment,52.98,5,the art and science of low carbohydrate living
True,add a comment,24.57,5,the book of mormon
True,add a comment,55.91,5,"the fabric of the cosmos: space, time, and the texture of reality"
True,add a comment,16.68,5,the flowers lied
True,add a comment,12.34,5,"the moosewood cookbook: recipes from moosewood restaurant, ithaca, new york"
True,add a comment,44.05,5,the new brand you: your new image makes the sale for you
True,add a comment,28.03,5,the shack
True,nonfiction,39.67,2,shadows of the past (logan point #1)
True,nonfiction,58.33,2,silence in the dark (logan point #4)
True,nonfiction,38.89,2,smarter faster better: the secrets of being productive in life and business
True,nonfiction,28.93,2,south of sunshine
True,nonfiction,36.91,2,the e-myth revisited: why most small businesses don't work and what to do about it
True,nonfiction,35.88,2,the grownup
True,nonfiction,51.15,2,the high mountains of portugal
True,nonfiction,41.39,2,the martian (the martian #1)
True,nonfiction,28.45,2,"the midnight assassin: panic, scandal, and the hunt for america's first serial killer"
True,nonfiction,43.02,2,the new drawing on the right side of the brain
True,nonfiction,43.62,2,the unlikely pilgrimage of harold fry (harold fry #1)
True,nonfiction,36.94,2,vagabonding: an uncommon guide to the art of long-term world travel
True,nonfiction,39.36,2,when breath becomes air
True,nonfiction,17.76,2,why not me?
True,nonfiction,34.06,2,"zero to one: notes on startups, or how to build the future"
True,nonfiction,35.79,2,23 degrees south: a tropical tale of changing whether...
True,sequential art,10.29,5,history of beauty
True,sequential art,40.45,5,howl and other poems
True,sequential art,21.96,5,hystopia: a novel
True,sequential art,44.21,5,i will find you
True,sequential art,56.48,5,i'll give you the sun
True,sequential art,20.22,5,john vassos: industrial design for modern life
True,sequential art,47.13,5,kierkegaard: a christian missionary to christians
True,sequential art,45.05,5,kill 'em and leave: searching for james brown and the american soul
True,sequential art,40.72,5,left behind (left behind #1)
True,sequential art,29.04,5,les fleurs du mal
True,sequential art,12.55,5,living forward: a proven plan to stop drifting and get the life you want
True,sequential art,25.06,5,"love that boy: what two presidents, eight road trips, and my son taught me about a parent's expectations"
True,sequential art,29.48,5,man's search for meaning
True,sequential art,58.54,5,miller's valley
True,sequential art,36.39,5,my life next door (my life next door )
True,sequential art,53.64,5,out of print: city lights spotlight no. 14
True,default,35.96,2,the whale
True,default,34.72,2,the year of living biblically: one man's humble quest to follow the bible as literally as possible
True,default,25.55,2,toddlers are a**holes: it's not your fault
True,default,37.33,2,under the tuscan sun
True,default,46.33,2,unreasonable hope: finding faith in the god who brings purpose to your pain
True,default,25.37,2,what happened on beale street (secrets of the south mysteries #2)
True,default,22.14,2,wildlife of new york: a five-borough coloring book
True,default,12.08,2,you are a badass: how to stop doubting your greatness and start living an awesome life
True,default,44.48,2,"""most blessed of the patriarchs"": thomas jefferson and the empire of the imagination"
True,default,53.63,2,32 yolks
True,default,13.2,2,"a murder over a girl: justice, gender, junior high"
True,default,55.06,2,being mortal: medicine and what matters in the end
True,default,56.91,2,between the world and me
True,default,19.22,2,brazen: the courage to find the you that's been hiding
True,default,11.45,2,brilliant beacons: a history of the american lighthouse
True,default,37.51,2,death by leisure: a cautionary tale
True,art,32.38,4,playing from the heart
True,art,34.41,4,raymie nightingale
True,art,51.74,4,"rich dad, poor dad"
True,art,52.87,4,"shrunken treasures: literary classics, short, sweet, and silly"
True,art,40.2,4,sister dear
True,art,20.9,4,"sit, stay, love"
True,art,20.9,4,steal like an artist: 10 things nobody told you about being creative
True,art,20.12,4,team of rivals: the political genius of abraham lincoln
True,art,33.17,4,the 7 habits of highly effective people: powerful lessons in personal change
True,art,32.34,4,the art book
True,art,52.3,4,the bachelor girl's guide to murder (herringford and watts mysteries #1)
True,art,42.78,4,the bourne identity (jason bourne #1)
True,art,16.62,4,the constant princess (the tudor court #1)
True,art,35.67,4,the drowning girls
True,art,39.55,4,the faith of christopher hitchens: the restless soul of the world's most notorious atheist
True,art,16.24,4,the glass castle
True,young adult,25.77,4,blue like jazz: nonreligious thoughts on christian spirituality
True,young adult,52.6,4,"chronicles, vol. 1"
True,young adult,17.97,4,counted with the stars (out from egypt #1)
True,young adult,20.89,4,delivering the truth (quaker midwife mystery #1)
True,young adult,12.16,4,every heart a doorway (every heart a doorway #1)
True,young adult,46.64,4,finding god in the ruins: how god redeems pain
True,young adult,45.13,4,for the love: fighting for grace in a world of impossible standards
True,young adult,19.57,4,"fruits basket, vol. 7 (fruits basket #7)"
True,young adult,37.05,4,good in bed (cannie shapiro #1)
True,young adult,28.25,4,how to be a domestic goddess: baking and the art of comfort cooking
True,young adult,46.01,4,how to cook everything vegetarian: simple meatless recipes for great food (how to cook everything)
True,young adult,57.43,4,john adams
True,young adult,39.61,4,king's folly (the kinsman chronicles #1)
True,young adult,51.17,4,leave this song behind: teen poetry at its best
True,young adult,13.22,4,life of pi
True,young adult,28.77,4,like never before (walker family #2)
True,biography,15.42,3,the collected poems of w.b. yeats (the collected works of w.b. yeats #1)
True,biography,10.27,3,the fellowship of the ring (the lord of the rings #1)
True,biography,15.79,3,the girl you left behind (the girl you left behind #1)
True,biography,46.85,3,the god delusion
True,biography,18.77,3,the golden compass (his dark materials #1)
True,biography,30.54,3,the great railway bazaar
True,biography,17.8,3,the hobbit (middle-earth universe)
True,biography,37.34,3,the invention of wings
True,biography,43.27,3,the joy of cooking
True,biography,31.58,3,the makings of a fatherless child
True,biography,59.45,3,the man who mistook his wife for a hat and other clinical tales
True,biography,24.8,3,the mysterious affair at styles (hercule poirot #1)
True,biography,55.02,3,the perks of being a wallflower
True,biography,39.67,3,the rise and fall of the third reich: a history of nazi germany
True,biography,57.84,3,the sound of love
True,biography,44.81,3,a gathering of shadows (shades of magic #2)
True,food and drink,56.88,5,a year in provence (provence #1)
True,food and drink,21.3,5,an unquiet mind: a memoir of moods and madness
True,food and drink,39.61,5,better homes and gardens new cook book
True,food and drink,58.55,5,catherine the great: portrait of a woman
True,food and drink,36.39,5,"death note, vol. 6: give-and-take (death note #6)"
True,food and drink,40.32,5,deception point
True,food and drink,20.96,5,"fruits basket, vol. 6 (fruits basket #6)"
True,food and drink,56.59,5,fun home: a family tragicomic
True,food and drink,42.14,5,"girl, interrupted"
True,food and drink,18.32,5,give it back
True,food and drink,46.49,5,how to stop worrying and start living
True,food and drink,49.98,5,in cold blood
True,food and drink,38.38,5,in the woods (dublin murder squad #1)
True,food and drink,19.02,5,me before you (me before you #1)
True,food and drink,48.51,5,mere christianity
True,food and drink,46.58,5,musicophilia: tales of music and the brain
True,historical fiction,44.58,4,the expatriates
True,historical fiction,56.0,4,the false prince (the ascendance trilogy #1)
True,historical fiction,47.22,4,the fault in our stars
True,historical fiction,45.56,4,the firm
True,historical fiction,13.76,4,the grand design
True,historical fiction,55.91,4,the hiding place
True,historical fiction,24.73,4,the little paris bookshop
True,historical fiction,42.91,4,the mathews men: seven brothers and the war against hitler's u-boats
True,historical fiction,28.58,4,the metamorphosis
True,historical fiction,11.05,4,the power greens cookbook: 140 delicious superfood recipes
True,historical fiction,57.74,4,the raven boys (the raven cycle #1)
True,historical fiction,30.57,4,the raven king (the raven cycle #4)
True,historical fiction,15.08,4,the secret garden
True,historical fiction,38.4,4,this is your brain on music: the science of a human obsession
True,historical fiction,14.64,4,two summers
True,historical fiction,53.68,4,what if?: serious scientific answers to absurd hypothetical questions
True,default,15.52,1,kill the boy band
True,default,31.49,1,killing floor (jack reacher #1)
True,default,59.98,1,last one home (new beginnings #1)
True,default,13.12,1,logan kade (fallen crest high #5.5)
True,default,23.63,1,lola and the boy next door (anna and the french kiss #2)
True,default,22.54,1,maybe something beautiful: how art transformed a neighborhood
True,default,24.91,1,mexican today: new and rediscovered recipes for contemporary kitchens
True,default,31.63,1,my mother was nuts
True,default,16.28,1,peak: secrets from the new science of expertise
True,default,23.37,1,red dragon (hannibal lecter #1)
True,default,11.48,1,remember me?
True,default,16.23,1,shiver (the wolves of mercy falls #1)
True,default,34.22,1,siddhartha
True,default,25.15,1,talking to girls about duran duran: one young man's quest for true love and a cooler haircut
True,default,41.81,1,tell me three things
True,default,45.51,1,tell the wind and fire
True,young adult,51.22,5,america's war for the greater middle east: a military history
True,young adult,10.0,5,an abundance of katherines
True,young adult,58.81,5,approval junkie: adventures in caring too much
True,young adult,34.13,5,"blue lily, lily blue (the raven cycle #3)"
True,young adult,17.49,5,booked
True,young adult,20.75,5,critique of pure reason
True,young adult,32.35,5,"data, a love story: how i gamed online dating to meet my match"
True,young adult,52.41,5,"death note, vol. 5: whiteout (death note #5)"
True,young adult,58.0,5,digital fortress
True,young adult,35.63,5,dracula the un-dead
True,young adult,38.7,5,drama
True,young adult,42.27,5,evicted: poverty and profit in the american city
True,young adult,22.37,5,find her (detective d.d. warren #8)
True,young adult,16.96,5,fool me once
True,young adult,32.42,5,foundation (foundation (publication order) #1)
True,young adult,16.33,5,"fruits basket, vol. 5 (fruits basket #5)"
True,default,13.73,4,some women
True,default,46.08,4,the beast (black dagger brotherhood #14)
True,default,59.71,4,the bone hunters (lexy vaughan & steven macaulay #2)
True,default,27.88,4,"the demon prince of momochi house, vol. 4 (the demon prince of momochi house #4)"
True,default,52.11,4,the demonists (demonist #1)
True,default,28.23,4,the geography of bliss: one grump's search for the happiest places in the world
True,default,16.81,4,the gunning of america: business and the making of american gun culture
True,default,14.82,4,the hound of the baskervilles (sherlock holmes #5)
True,default,29.85,4,the hunger games (the hunger games #1)
True,default,38.71,4,the jazz of physics: the secret link between music and the structure of the universe
True,default,28.32,4,the passion of dolssa
True,default,59.99,4,the perfect play (play by play #1)
True,default,50.26,4,the pilgrim's progress
True,default,27.88,4,the shining (the shining #1)
True,default,52.35,4,vogue colors a to z: a fashion coloring book
True,default,10.79,4,a clash of kings (a song of ice and fire #2)
True,womens fiction,50.44,5,"fruits basket, vol. 4 (fruits basket #4)"
True,womens fiction,26.77,5,girl with a pearl earring
True,womens fiction,27.8,5,god is not great: how religion poisons everything
True,womens fiction,32.49,5,gone with the wind
True,womens fiction,14.74,5,harry potter and the chamber of secrets (harry potter #2)
True,womens fiction,48.75,5,harry potter and the half-blood prince (harry potter #6)
True,womens fiction,31.63,5,harry potter and the order of the phoenix (harry potter #5)
True,womens fiction,24.17,5,harry potter and the prisoner of azkaban (harry potter #3)
True,womens fiction,13.9,5,harry potter and the sorcerer's stone (harry potter #1)
True,womens fiction,25.01,5,it
True,womens fiction,28.07,5,little women (little women #1)
True,womens fiction,34.79,5,misery
True,womens fiction,20.44,5,mockingjay (the hunger games #3)
True,womens fiction,47.51,5,needful things
True,womens fiction,12.75,5,night shift (night shift #1-20)
True,womens fiction,20.02,5,no one here gets out alive
True,thriller,24.04,2,we are all completely beside ourselves
True,thriller,31.95,2,we the people: the modern-day figures who have reshaped and affirmed the founding fathers' vision of america
True,thriller,30.89,2,when you are engulfed in flames
True,thriller,18.13,2,"where'd you go, bernadette"
True,thriller,46.02,2,wild: from lost to found on the pacific crest trail
True,thriller,21.8,2,world war z: an oral history of the zombie war
True,thriller,17.73,2,wuthering heights
True,thriller,34.77,2,zero history (blue ant #3)
True,thriller,49.56,2,'salem's lot
True,thriller,27.62,2,"a history of god: the 4,000-year quest of judaism, christianity, and islam"
True,thriller,55.65,2,a new earth: awakening to your life's purpose
True,thriller,56.43,2,a walk to remember
True,thriller,57.22,2,animal farm
True,thriller,26.58,2,atlas shrugged
True,thriller,21.94,2,can you keep a secret?
True,thriller,58.63,2,candide
True,young adult,23.59,3,the smitten kitchen cookbook
True,young adult,57.86,3,the stand
True,young adult,48.77,3,the thing about jellyfish
True,young adult,10.02,3,the tipping point: how little things can make a big difference
True,young adult,15.77,3,the travelers
True,young adult,45.75,3,the undomestic goddess
True,young adult,14.41,3,"the wicked + the divine, vol. 3: commercial suicide (the wicked + the divine)"
True,young adult,56.07,3,the wild robot
True,young adult,21.14,3,"thinking, fast and slow"
True,young adult,23.21,3,three-martini lunch
True,young adult,53.51,3,"trespassing across america: one man's epic, never-done-before (and sort of illegal) hike across the heartland"
True,young adult,42.8,3,twenties girl
True,young adult,41.93,3,twilight (twilight #1)
True,young adult,32.74,3,two boys kissing
True,young adult,30.0,3,under the banner of heaven: a story of violent faith
True,young adult,58.09,3,"unstuffed: decluttering your home, mind, and soul"
True,mystery,43.59,5,the lonely ones
True,mystery,58.09,5,the lover's dictionary
True,mystery,20.93,5,the maze runner (the maze runner #1)
True,mystery,37.25,5,the name of god is mercy
True,mystery,52.53,5,the nanny diaries (nanny #1)
True,mystery,44.92,5,the new guy (and other senior year distractions)
True,mystery,26.26,5,the nightingale
True,mystery,45.43,5,the obsession
True,mystery,36.8,5,the paris wife
True,mystery,29.7,5,the picture of dorian gray
True,mystery,12.25,5,the purest hook (second circle tattoos #3)
True,mystery,37.19,5,the purpose driven life: what on earth am i here for?
True,mystery,35.66,5,the red tent
True,mystery,34.77,5,the rest is noise: listening to the twentieth century
True,mystery,10.92,5,the restaurant at the end of the universe (hitchhiker's guide to the galaxy #2)
True,mystery,42.57,5,the rise of theodore roosevelt (theodore roosevelt #1)
True,business,26.33,3,the day the crayons came home (crayons)
True,business,52.25,3,the demon-haunted world: science as a candle in the dark
True,business,44.29,3,the devil wears prada (the devil wears prada #1)
True,business,57.35,3,"the disappearing spoon: and other true tales of madness, love, and the history of the world from the periodic table of the elements"
True,business,13.03,3,"the elegant universe: superstrings, hidden dimensions, and the quest for the ultimate theory"
True,business,22.13,3,"the end of faith: religion, terror, and the future of reason"
True,business,43.45,3,the exiled
True,business,57.48,3,the girl who kicked the hornet's nest (millennium trilogy #3)
True,business,22.14,3,the girl who played with fire (millennium trilogy #2)
True,business,49.47,3,the girl with all the gifts
True,business,12.3,3,the giver (the giver quartet #1)
True,business,43.58,3,the goldfinch
True,business,49.53,3,the guernsey literary and potato peel pie society
True,business,14.54,3,the guns of august
True,business,47.8,3,the hitchhiker's guide to the galaxy (hitchhiker's guide to the galaxy #1)
True,business,52.51,3,the husband's secret
True,fiction,46.45,2,shopaholic & baby (shopaholic #5)
True,fiction,24.72,2,soldier (talon #3)
True,fiction,54.62,2,something blue (darcy & rachel #2)
True,fiction,48.96,2,something borrowed (darcy & rachel #1)
True,fiction,49.51,2,spilled milk: based on a true story
True,fiction,36.74,2,stiff: the curious lives of human cadavers
True,fiction,25.83,2,"surely you're joking, mr. feynman!: adventures of a curious character"
True,fiction,22.1,2,the art of fielding
True,fiction,34.32,2,"the art of simple food: notes, lessons, and recipes from a delicious revolution"
True,fiction,23.43,2,the autobiography of malcolm x
True,fiction,53.71,2,the blind side: evolution of a game
True,fiction,44.84,2,the book of basketball: the nba according to the sports guy
True,fiction,53.49,2,the book thief
True,fiction,47.84,2,the case for christ (cases for christianity)
True,fiction,16.26,2,the cat in the hat (beginner books b-1)
True,fiction,24.55,2,the catcher in the rye
True,add a comment,32.87,2,one for the money (stephanie plum #1)
True,add a comment,24.61,2,orange is the new black
True,add a comment,31.45,2,original fake
True,add a comment,14.16,2,outliers: the story of success
True,add a comment,56.68,2,packing for mars: the curious science of life in the void
True,add a comment,39.13,2,persepolis: the story of a childhood (persepolis #1-2)
True,add a comment,43.63,2,prodigy: the graphic novel (legend: the graphic novel #2)
True,add a comment,43.55,2,quiet: the power of introverts in a world that can't stop talking
True,add a comment,19.07,2,ready player one
True,add a comment,28.54,2,red: the true story of red riding hood
True,add a comment,11.1,2,reservations for two
True,add a comment,44.88,2,rework
True,add a comment,41.67,2,"rise of the rocket girls: the women who propelled us, from missiles to the moon to mars"
True,add a comment,50.11,2,rogue lawyer (rogue lawyer #1)
True,add a comment,12.91,2,running with scissors
True,add a comment,21.57,2,"saga, volume 3 (saga (collected editions) #3)"
True,nonfiction,53.04,1,lady renegades (rebel belle #3)
True,nonfiction,55.5,1,"lamb: the gospel according to biff, christ's childhood pal"
True,nonfiction,25.02,1,"lean in: women, work, and the will to lead"
True,nonfiction,43.69,1,legend (legend #1)
True,nonfiction,45.11,1,let's pretend this never happened: a mostly true memoir
True,nonfiction,22.2,1,letter to a christian nation
True,nonfiction,26.13,1,life after life
True,nonfiction,59.04,1,life without a recipe
True,nonfiction,33.26,1,"life, the universe and everything (hitchhiker's guide to the galaxy #3)"
True,nonfiction,12.47,1,lila (gilead #3)
True,nonfiction,11.87,1,lust & wonder
True,nonfiction,34.98,1,manuscript found in accra
True,nonfiction,57.6,1,me talk pretty one day
True,nonfiction,55.46,1,midnight riot (peter grant/ rivers of london - books #1)
True,nonfiction,57.83,1,"miracles from heaven: a little girl, her journey to heaven, and her amazing story of healing"
True,nonfiction,29.4,1,morning star (red rising #3)
True,fiction,42.21,1,golden (heart of dread #3)
True,fiction,37.6,1,gone girl
True,fiction,26.66,1,gratitude
True,fiction,42.72,1,"grayson, vol 3: nemesis (grayson #3)"
True,fiction,10.79,1,green eggs and ham (beginner books b-16)
True,fiction,44.07,1,heir to the sky
True,fiction,51.07,1,holidays on ice
True,fiction,37.52,1,horrible bear!
True,fiction,54.89,1,house of leaves
True,fiction,43.7,1,"house of lost worlds: dinosaurs, dynasties, and the story of life on earth"
True,fiction,33.14,1,hungry girl clean & hungry: easy all-natural recipes for healthy eating in the real world
True,fiction,28.88,1,i am malala: the girl who stood up for education and was shot by the taliban
True,fiction,19.69,1,i've got your number
True,fiction,49.97,1,if i run (if i run #1)
True,fiction,28.85,1,"in the garden of beasts: love, terror, and an american family in hitler's berlin"
